City_ID,City,Country,Date,Lat,Lng,Max Temp,Humidity,Cloudiness,Wind Speed,Current Description
0,Hithadhoo,MV,2022-07-25 04:47:11,-0.6,73.0833,82.06,72,61,8.03,broken clouds
1,Mataura,NZ,2022-07-25 04:47:12,-46.1927,168.8643,45.48,91,87,3.91,overcast clouds
2,Qaanaaq,GL,2022-07-25 04:47:12,77.484,-69.3632,37.47,99,100,4.32,overcast clouds
3,Puerto Varas,CL,2022-07-25 04:47:13,-41.3195,-72.9854,43.02,100,100,5.75,mist
4,Lugovoy,KZ,2022-07-25 04:47:13,42.9472,72.7644,90.32,21,0,6.6,clear sky
5,Sobolevo,RU,2022-07-25 04:47:14,54.4299,31.8996,60.21,92,29,8.19,scattered clouds
6,Kodiak,US,2022-07-25 04:47:14,57.79,-152.4072,56.71,88,100,9.22,overcast clouds
7,Hermanus,ZA,2022-07-25 04:44:26,-34.4187,19.2345,48.9,77,0,11.41,clear sky
8,Punta Arenas,CL,2022-07-25 04:46:16,-53.15,-70.9167,35.71,69,0,16.11,clear sky
9,Hobart,AU,2022-07-25 04:47:15,-42.8794,147.3294,58.86,77,75,12.66,broken clouds
10,Polovinnoye,RU,2022-07-25 04:47:16,54.7914,65.9864,75.58,56,8,4.63,clear sky
11,Hofn,IS,2022-07-25 04:47:16,64.2539,-15.2082,49.71,91,99,6.22,overcast clouds
12,Cherskiy,RU,2022-07-25 04:47:16,68.75,161.3,65.44,35,27,8.28,scattered clouds
13,Rikitea,PF,2022-07-25 04:44:13,-23.1203,-134.9692,75.25,81,15,18.57,few clouds
14,Puerto Ayora,EC,2022-07-25 04:45:33,-0.7393,-90.3518,69.55,92,97,7.0,overcast clouds
15,Coquimbo,CL,2022-07-25 04:43:21,-29.9533,-71.3436,53.33,82,100,5.75,overcast clouds
16,Bahia Honda,CU,2022-07-25 04:47:17,22.9036,-83.1592,77.99,88,44,10.25,light rain
17,Bluff,NZ,2022-07-25 04:45:36,-46.6,168.3333,45.81,89,71,22.03,broken clouds
18,Bharatpur,IN,2022-07-25 04:47:18,27.2167,77.4833,92.64,52,16,12.64,few clouds
19,San Cristobal,VE,2022-07-25 04:47:19,7.7669,-72.225,69.98,94,61,2.39,broken clouds
20,Egvekinot,RU,2022-07-25 04:47:19,66.3167,-179.1667,43.05,61,96,3.47,overcast clouds
21,Ballina,AU,2022-07-25 04:47:20,-28.8667,153.5667,67.01,71,18,4.38,few clouds
22,Bandarbeyla,SO,2022-07-25 04:47:20,9.4942,50.8122,81.41,56,96,30.91,overcast clouds
23,Broken Hill,AU,2022-07-25 04:47:21,-31.95,141.4333,66.11,40,20,15.97,few clouds
24,Orotukan,RU,2022-07-25 04:47:21,62.2667,151.7,68.79,38,40,4.27,scattered clouds
25,Severo-Kurilsk,RU,2022-07-25 04:46:53,50.6789,156.125,51.57,96,100,17.94,light rain
26,Cayenne,GF,2022-07-25 04:45:41,4.9333,-52.3333,82.09,1,0,0.0,clear sky
27,Hualmay,PE,2022-07-25 04:47:22,-11.0964,-77.6139,61.14,87,55,10.87,broken clouds
28,Lebu,CL,2022-07-25 04:45:42,-37.6167,-73.65,53.55,90,100,14.65,moderate rain
29,Bambous Virieux,MU,2022-07-25 04:47:22,-20.3428,57.7575,71.22,94,40,4.61,scattered clouds
30,Dikson,RU,2022-07-25 04:47:23,73.5069,80.5464,48.4,89,100,8.9,overcast clouds
31,Chuy,UY,2022-07-25 04:47:23,-33.6971,-53.4616,57.74,97,100,5.23,overcast clouds
32,Kapaa,US,2022-07-25 04:44:15,22.0752,-159.319,84.18,71,20,14.97,few clouds
33,Iqaluit,CA,2022-07-25 04:47:24,63.7506,-68.5145,44.33,93,75,6.91,broken clouds
34,Bredasdorp,ZA,2022-07-25 04:44:29,-34.5322,20.0403,44.74,87,0,4.7,clear sky
35,Atuona,PF,2022-07-25 04:44:21,-9.8,-139.0333,76.48,67,2,14.7,clear sky
36,Esperance,AU,2022-07-25 04:47:25,-33.8667,121.9,61.05,48,1,15.37,clear sky
37,Fortuna,US,2022-07-25 04:45:43,40.5982,-124.1573,55.92,87,35,2.51,scattered clouds
38,Dholka,IN,2022-07-25 04:47:26,22.7167,72.4667,80.98,69,88,12.91,overcast clouds
39,Carnarvon,AU,2022-07-25 04:47:27,-24.8667,113.6333,67.69,32,0,10.67,clear sky
40,Tuatapere,NZ,2022-07-25 04:47:27,-46.1333,167.6833,44.35,83,86,2.73,overcast clouds
41,Kaitangata,NZ,2022-07-25 04:45:37,-46.2817,169.8464,46.17,91,97,13.29,overcast clouds
42,Qui Nhon,VN,2022-07-25 04:47:28,13.7667,109.2333,85.95,66,64,8.39,broken clouds
43,Thompson,CA,2022-07-25 04:44:28,55.7435,-97.8558,51.96,76,40,3.44,scattered clouds
44,Katsuura,JP,2022-07-25 04:47:29,35.1333,140.3,82.85,83,100,13.11,light rain
45,Gornozavodsk,RU,2022-07-25 04:48:29,58.3758,58.3211,72.81,79,63,5.28,light rain
46,Lompoc,US,2022-07-25 04:46:37,34.6391,-120.4579,59.14,85,100,8.99,overcast clouds
47,Cape Town,ZA,2022-07-25 04:40:28,-33.9258,18.4232,56.37,83,0,2.3,clear sky
48,Sanghar,PK,2022-07-25 04:48:30,26.0466,68.9481,87.4,68,85,12.26,overcast clouds
49,Araouane,ML,2022-07-25 04:48:31,18.9048,-3.5265,87.67,35,48,7.63,scattered clouds
50,Barrow,US,2022-07-25 04:44:19,71.2906,-156.7887,42.82,87,100,14.97,overcast clouds
51,Iroquois Falls,CA,2022-07-25 04:48:32,48.7669,-80.6831,57.79,98,70,7.54,moderate rain
52,Huarmey,PE,2022-07-25 04:48:32,-10.0681,-78.1522,62.37,88,93,9.95,overcast clouds
53,Touros,BR,2022-07-25 04:48:26,-5.1989,-35.4608,72.19,77,55,16.55,broken clouds
54,Mahebourg,MU,2022-07-25 04:44:26,-20.4081,57.7,71.26,94,40,4.61,scattered clouds
55,Clyde River,CA,2022-07-25 04:44:09,70.4692,-68.5914,43.03,93,100,3.44,overcast clouds
56,Puerto Leguizamo,CO,2022-07-25 04:48:33,-0.1934,-74.7819,69.8,96,78,1.79,broken clouds
57,Oistins,BB,2022-07-25 04:48:34,13.0667,-59.5333,80.69,83,75,14.97,broken clouds
58,Zhangye,CN,2022-07-25 04:44:18,38.9342,100.4517,92.77,15,0,1.52,clear sky
59,Cabo San Lucas,MX,2022-07-25 04:46:04,22.8909,-109.9124,83.61,78,35,5.01,scattered clouds
60,Marinette,US,2022-07-25 04:45:47,45.1,-87.6307,64.85,77,0,0.0,clear sky
61,Lasa,IT,2022-07-25 04:48:35,46.6166,10.7002,67.08,89,0,1.97,clear sky
62,Te Anau,NZ,2022-07-25 04:48:35,-45.4167,167.7167,41.97,83,99,4.16,overcast clouds
63,Vaini,TO,2022-07-25 04:45:46,-21.2,-175.2,75.36,88,20,10.36,few clouds
64,Ilulissat,GL,2022-07-25 04:44:13,69.2167,-51.1,36.57,98,97,2.39,overcast clouds
65,Saint-Philippe,RE,2022-07-25 04:44:28,-21.3585,55.7679,71.19,71,17,8.05,few clouds
66,Ushuaia,AR,2022-07-25 04:40:21,-54.8,-68.3,35.26,69,0,1.14,clear sky
67,Busselton,AU,2022-07-25 04:44:28,-33.65,115.3333,62.46,67,67,20.62,broken clouds
68,Tasiilaq,GL,2022-07-25 04:48:37,65.6145,-37.6368,41.16,87,92,2.77,overcast clouds
69,Guerrero Negro,MX,2022-07-25 04:48:37,27.9769,-114.0611,68.41,82,14,8.57,few clouds
70,Cidreira,BR,2022-07-25 04:46:04,-30.1811,-50.2056,63.54,88,100,3.2,light rain
71,Henties Bay,NA,2022-07-25 04:46:07,-22.116,14.2845,54.01,86,0,3.31,clear sky
72,Port Alfred,ZA,2022-07-25 04:44:11,-33.5906,26.891,56.64,61,68,2.98,broken clouds
73,Flin Flon,CA,2022-07-25 04:45:52,54.7682,-101.865,61.79,67,100,5.97,overcast clouds
74,Antofagasta,CL,2022-07-25 04:46:03,-23.65,-70.4,56.48,82,3,3.58,clear sky
75,Alofi,NU,2022-07-25 04:48:39,-19.0595,-169.9187,75.09,57,75,13.8,broken clouds
76,Jacqueville,CI,2022-07-25 04:48:39,5.2052,-4.4146,75.87,77,75,6.53,broken clouds
77,Morondava,MG,2022-07-25 04:48:40,-20.2833,44.2833,68.31,76,0,7.38,clear sky
78,Geraldton,AU,2022-07-25 04:48:40,-28.7667,114.6,63.01,59,0,18.41,clear sky
79,Sao Raimundo Nonato,BR,2022-07-25 04:48:41,-9.0153,-42.6994,72.05,62,99,9.78,overcast clouds
80,Ko Samui,TH,2022-07-25 04:48:41,9.5357,99.9357,91.31,62,40,4.61,scattered clouds
81,La Ronge,CA,2022-07-25 04:45:53,55.1001,-105.2842,61.02,94,75,3.44,broken clouds
82,Chokurdakh,RU,2022-07-25 04:45:41,70.6333,147.9167,72.72,29,32,11.39,scattered clouds
83,Longyearbyen,SJ,2022-07-25 04:48:42,78.2186,15.6401,46.24,93,75,4.61,broken clouds
84,Dingle,PH,2022-07-25 04:47:23,10.9995,122.6711,86.4,73,88,4.38,overcast clouds
85,Vestmanna,FO,2022-07-25 04:48:43,62.1564,-7.1664,47.32,87,75,21.85,broken clouds
86,Palmer,US,2022-07-25 04:47:46,42.1584,-72.3287,79.97,74,75,8.05,broken clouds
87,Nikolskoye,RU,2022-07-25 04:44:13,59.7035,30.7861,68.88,81,25,4.18,scattered clouds
88,Carsamba,TR,2022-07-25 04:48:45,41.1989,36.7219,78.3,88,0,3.44,clear sky
89,Yellowknife,CA,2022-07-25 04:48:45,62.456,-114.3525,59.52,88,75,11.5,broken clouds
90,Shenjiamen,CN,2022-07-25 04:49:46,29.9576,122.298,83.17,82,31,7.43,scattered clouds
91,Sisimiut,GL,2022-07-25 04:49:46,66.9395,-53.6735,44.87,85,83,6.82,broken clouds
92,Jardim,BR,2022-07-25 04:49:47,-21.4803,-56.1381,69.82,45,40,3.51,scattered clouds
93,Ndele,CF,2022-07-25 04:49:47,8.4109,20.6473,69.39,95,99,3.44,overcast clouds
94,Jamestown,US,2022-07-25 04:48:38,42.097,-79.2353,71.53,87,100,13.8,thunderstorm with light rain
95,Ribeira Grande,PT,2022-07-25 04:49:48,38.5167,-28.7,73.89,90,11,4.9,few clouds
96,Karera,IN,2022-07-25 04:49:49,25.4667,78.15,88.07,62,61,11.83,broken clouds
97,Plover,US,2022-07-25 04:49:49,44.4564,-89.544,66.31,55,0,3.44,clear sky
98,Neryungri,RU,2022-07-25 04:49:50,56.6709,124.6491,83.39,38,55,2.75,broken clouds
99,Tuktoyaktuk,CA,2022-07-25 04:45:43,69.4541,-133.0374,46.4,76,75,8.05,broken clouds
100,Jiayuguan,CN,2022-07-25 04:49:51,39.8167,98.3,88.65,17,6,9.84,clear sky
101,Tateyama,JP,2022-07-25 04:49:51,34.9833,139.8667,81.66,85,100,12.46,overcast clouds
102,Tilichiki,RU,2022-07-25 04:49:51,60.4667,166.1,58.42,66,68,9.95,light rain
103,Luderitz,NA,2022-07-25 04:49:52,-26.6481,15.1594,62.24,53,0,7.52,clear sky
104,Andenes,NO,2022-07-25 04:49:52,69.3143,16.1194,53.58,87,0,16.11,clear sky
105,Hilo,US,2022-07-25 04:45:38,19.7297,-155.09,82.27,77,40,4.61,scattered clouds
106,Kruisfontein,ZA,2022-07-25 04:49:53,-34.0033,24.7314,48.88,81,67,4.23,broken clouds
107,Luklukan,PH,2022-07-25 04:49:54,14.3254,122.7124,88.16,64,98,7.36,overcast clouds
108,Vanimo,PG,2022-07-25 04:49:54,-2.6741,141.3028,84.25,74,57,9.22,broken clouds
109,Ponta Do Sol,PT,2022-07-25 04:46:17,32.6667,-17.1,82.13,37,20,3.6,few clouds
110,Caravelas,BR,2022-07-25 04:49:55,-17.7125,-39.2481,68.85,84,94,6.55,overcast clouds
111,Sawtell,AU,2022-07-25 04:49:55,-30.3833,153.1,64.42,63,19,6.91,few clouds
112,Lagoa,PT,2022-07-25 04:49:56,39.05,-27.9833,72.52,91,0,7.38,clear sky
113,Muli,MV,2022-07-25 04:49:56,2.9167,73.5667,82.17,76,87,10.96,overcast clouds
114,Castro,BR,2022-07-25 04:44:24,-24.7911,-50.0119,56.3,75,94,3.09,overcast clouds
115,Vila Franca Do Campo,PT,2022-07-25 04:49:57,37.7167,-25.4333,74.19,89,40,3.2,scattered clouds
116,Albany,US,2022-07-25 04:45:55,42.6001,-73.9662,73.27,88,100,1.01,overcast clouds
117,Mocuba,MZ,2022-07-25 04:49:58,-16.8392,36.9856,62.98,89,0,1.28,clear sky
118,Talnakh,RU,2022-07-25 04:49:58,69.4865,88.3972,61.21,62,100,30.29,overcast clouds
119,Khatanga,RU,2022-07-25 04:49:59,71.9667,102.5,77.95,57,95,12.77,overcast clouds
120,Norre Alslev,DK,2022-07-25 04:49:59,54.8978,11.8841,67.8,72,97,13.33,overcast clouds
121,Port Elizabeth,ZA,2022-07-25 04:46:37,-33.918,25.5701,51.1,93,0,6.91,clear sky
122,Haines Junction,CA,2022-07-25 04:50:00,60.7522,-137.5108,58.95,77,100,0.0,overcast clouds
123,Bara,NG,2022-07-25 04:50:01,10.3744,10.7288,72.68,92,100,6.82,overcast clouds
124,Dhandhuka,IN,2022-07-25 04:50:01,22.3667,71.9833,84.67,71,68,14.43,broken clouds
125,Robertsport,LR,2022-07-25 04:50:01,6.7533,-11.3686,75.0,83,100,10.02,overcast clouds
126,Khamamatyurt,RU,2022-07-25 04:50:02,43.6081,46.5006,79.43,40,31,12.97,scattered clouds
127,Jinchang,CN,2022-07-25 04:50:03,38.4953,102.1739,92.12,14,0,6.17,clear sky
128,Rio Grande,BR,2022-07-25 04:50:03,-32.035,-52.0986,58.95,99,95,4.72,overcast clouds
129,Rocha,UY,2022-07-25 04:50:03,-34.4833,-54.3333,56.68,99,100,3.24,overcast clouds
130,Riyadh,SA,2022-07-25 04:45:34,24.6877,46.7219,95.14,15,75,15.55,broken clouds
131,Korem,ET,2022-07-25 04:50:04,12.5058,39.5228,58.17,76,100,1.39,overcast clouds
132,La Macarena,CO,2022-07-25 04:50:05,2.1837,-73.7849,70.84,96,79,2.13,broken clouds
133,Poso,ID,2022-07-25 04:50:05,-1.3959,120.7524,87.46,56,36,5.46,scattered clouds
134,Kerrville,US,2022-07-25 04:46:35,30.0474,-99.1403,84.52,56,0,14.97,clear sky
135,Mantua,IT,2022-07-25 04:50:06,45.1667,10.7833,79.84,74,0,3.22,clear sky
136,Fare,PF,2022-07-25 04:50:07,-16.7,-151.0167,77.29,82,25,12.08,light rain
137,Kibala,TD,2022-07-25 04:51:07,9.1104,18.3463,69.75,100,20,0.0,few clouds
138,Upernavik,GL,2022-07-25 04:46:52,72.7868,-56.1549,37.36,98,97,9.17,overcast clouds
139,Abatskoye,RU,2022-07-25 04:51:08,56.2875,70.4555,70.38,59,21,7.56,few clouds
140,Havre-Saint-Pierre,CA,2022-07-25 04:51:08,50.2334,-63.5986,62.96,82,100,4.61,overcast clouds
141,Bonavista,CA,2022-07-25 04:47:28,48.6499,-53.1147,63.36,92,57,10.4,broken clouds
142,Port Hedland,AU,2022-07-25 04:51:09,-20.3167,118.5667,80.65,22,0,16.11,clear sky
143,Faya,SA,2022-07-25 04:51:10,18.3851,42.4509,62.71,71,98,6.44,overcast clouds
144,Sao Gabriel Da Cachoeira,BR,2022-07-25 04:51:10,-0.1303,-67.0892,71.65,99,100,0.89,overcast clouds
145,Solnechnyy,RU,2022-07-25 04:51:11,50.7214,136.6319,83.97,48,7,7.14,clear sky
146,Adrar,MR,2022-07-25 04:51:11,20.5022,-10.0711,90.25,34,1,17.02,clear sky
147,Afua,BR,2022-07-25 04:51:12,-0.1567,-50.3867,75.15,92,67,4.61,broken clouds
148,Adeje,ES,2022-07-25 04:51:12,28.1227,-16.726,80.17,88,0,0.0,clear sky
149,Nemuro,JP,2022-07-25 04:44:19,43.3236,145.575,65.23,88,22,7.05,few clouds
150,Porto Walter,BR,2022-07-25 04:51:13,-8.2686,-72.7439,71.46,96,95,1.72,overcast clouds
151,Coolum Beach,AU,2022-07-25 04:51:14,-26.5333,153.1,70.11,69,12,6.67,few clouds
152,Cochabamba,BO,2022-07-25 04:47:13,-17.3895,-66.1568,58.8,44,16,5.75,few clouds
153,Sorland,NO,2022-07-25 04:51:14,67.667,12.6934,53.46,81,100,17.96,light rain
154,Adrano,IT,2022-07-25 04:51:15,37.6618,14.8348,79.23,29,0,5.12,clear sky
155,Usinsk,RU,2022-07-25 04:48:13,65.9939,57.5281,53.11,69,100,11.86,overcast clouds
156,Krasnyy Chikoy,RU,2022-07-25 04:51:15,50.3643,108.7512,67.75,70,79,4.9,light rain
157,Saint George,US,2022-07-25 04:51:16,37.1041,-113.5841,91.99,29,0,4.61,clear sky
158,Provideniya,RU,2022-07-25 04:51:16,64.3833,-173.3,50.11,71,100,6.71,overcast clouds
159,Loubomo,CG,2022-07-25 04:51:17,-4.1997,12.6739,68.18,85,96,3.0,overcast clouds
160,San Patricio,US,2022-07-25 04:51:17,28.017,-97.5169,85.89,77,0,14.2,clear sky
161,Kavieng,PG,2022-07-25 04:51:18,-2.5744,150.7967,83.86,72,11,7.49,light rain
162,Marovoay,MG,2022-07-25 04:51:18,-16.1,46.6333,70.72,57,2,6.53,clear sky
163,Rawson,AR,2022-07-25 04:51:18,-43.3002,-65.1023,40.8,79,70,7.56,broken clouds
164,Ketchikan,US,2022-07-25 04:51:19,55.3422,-131.6461,57.67,100,100,13.8,mist
165,Jalu,LY,2022-07-25 04:47:14,29.0331,21.5482,79.16,30,0,7.99,clear sky
166,Beloha,MG,2022-07-25 04:51:20,-25.1667,45.05,65.52,74,0,3.42,clear sky
167,Port Blair,IN,2022-07-25 04:51:20,11.6667,92.75,84.67,74,92,7.31,overcast clouds
168,Yumen,CN,2022-07-25 04:51:21,40.2833,97.2,91.69,15,28,15.9,scattered clouds
169,Labytnangi,RU,2022-07-25 04:51:21,66.6572,66.4183,53.17,69,56,15.99,broken clouds
170,Hirara,JP,2022-07-25 04:46:49,24.8,125.2833,91.67,66,40,8.05,scattered clouds
171,Port-Cartier,CA,2022-07-25 04:51:22,50.0334,-66.8654,62.82,98,100,4.88,moderate rain
172,New Norfolk,AU,2022-07-25 04:44:14,-42.7826,147.0587,57.7,61,68,6.46,broken clouds
173,Prince Rupert,CA,2022-07-25 04:50:09,54.3161,-130.3201,59.09,98,100,5.75,light rain
174,Cabedelo,BR,2022-07-25 04:51:22,-6.9811,-34.8339,70.47,84,41,13.24,scattered clouds
175,Pampa,US,2022-07-25 04:51:23,35.5362,-100.9599,86.2,37,0,14.97,clear sky
176,Tabas,IR,2022-07-25 04:51:23,33.5959,56.9244,100.29,15,0,3.62,clear sky
177,Bambanglipuro,ID,2022-07-25 04:51:24,-7.95,110.2833,81.1,57,97,16.2,overcast clouds
178,San Quintin,MX,2022-07-25 04:51:25,30.4833,-115.95,66.74,84,91,11.92,overcast clouds
179,Victoria,HK,2022-07-25 04:48:08,22.2855,114.1577,95.38,68,11,7.0,few clouds
180,Khasan,RU,2022-07-25 04:51:26,42.4308,130.6434,72.34,89,77,7.45,broken clouds
181,Whitehorse,CA,2022-07-25 04:48:42,60.7161,-135.0538,56.17,82,100,10.36,overcast clouds
182,Santander,ES,2022-07-25 04:51:27,43.4647,-3.8044,68.47,89,75,5.75,broken clouds
183,Husavik,IS,2022-07-25 04:51:28,66.0449,-17.3389,46.47,88,65,2.98,broken clouds
184,Coihaique,CL,2022-07-25 04:44:16,-45.5752,-72.0662,31.95,93,100,3.44,light rain
185,De-Kastri,RU,2022-07-25 04:52:29,51.4667,140.7833,74.75,66,45,7.2,scattered clouds
186,Butaritari,KI,2022-07-25 04:52:20,3.0707,172.7902,82.81,70,11,19.3,few clouds
187,Tiksi,RU,2022-07-25 04:52:29,71.6872,128.8694,50.54,72,48,4.61,scattered clouds
188,White Rock,CA,2022-07-25 04:52:30,49.0164,-122.8026,71.6,83,81,0.0,broken clouds
189,Anqing,CN,2022-07-25 04:52:30,30.5092,117.0506,98.44,49,50,7.92,scattered clouds
190,Avarua,CK,2022-07-25 04:52:30,-21.2078,-159.775,68.05,73,75,8.05,broken clouds
191,Dhidhdhoo,MV,2022-07-25 04:52:31,6.8833,73.1,81.43,78,21,12.37,few clouds
192,Torbay,CA,2022-07-25 04:52:31,47.6666,-52.7314,70.88,77,75,16.11,broken clouds
193,Sharjah,AE,2022-07-25 04:49:09,25.3573,55.4033,100.69,32,0,8.05,clear sky
194,Bastia,FR,2022-07-25 04:52:32,42.6667,9.3333,81.3,62,0,5.75,clear sky
195,Popondetta,PG,2022-07-25 04:52:33,-8.7537,148.2534,87.8,56,28,7.18,scattered clouds
196,Nanortalik,GL,2022-07-25 04:45:34,60.1432,-45.2371,46.72,87,100,1.43,light rain
197,Sete,FR,2022-07-25 04:52:33,43.4018,3.6966,75.06,67,0,6.4,clear sky
198,Souillac,MU,2022-07-25 04:52:34,-20.5167,57.5167,62.98,94,40,4.61,scattered clouds
199,Arraial Do Cabo,BR,2022-07-25 04:52:34,-22.9661,-42.0278,70.34,87,51,20.49,broken clouds
200,Berlevag,NO,2022-07-25 04:52:35,70.8578,29.0864,53.55,71,40,6.91,scattered clouds
201,Mount Gambier,AU,2022-07-25 04:52:35,-37.8333,140.7667,55.31,94,75,18.41,light intensity shower rain
202,Benjamin Constant,BR,2022-07-25 04:52:36,-4.3831,-70.0311,71.73,99,100,0.51,overcast clouds
203,Hambantota,LK,2022-07-25 04:52:15,6.1241,81.1185,86.34,74,75,6.91,broken clouds
204,Puerto Suarez,BO,2022-07-25 04:52:36,-18.95,-57.8,72.18,44,0,2.68,clear sky
205,Nagato,JP,2022-07-25 04:52:37,34.3833,131.2,81.12,85,53,6.78,broken clouds
206,Rincon,US,2022-07-25 04:50:25,32.296,-81.2354,81.86,78,75,0.0,broken clouds
207,Karratha,AU,2022-07-25 04:52:38,-20.7377,116.8463,76.66,31,0,19.82,clear sky
208,Skegness,GB,2022-07-25 04:52:38,53.1436,0.3363,66.34,84,84,18.79,broken clouds
209,Manali,IN,2022-07-25 04:52:38,13.1667,80.2667,90.07,71,91,6.33,overcast clouds
210,Havoysund,NO,2022-07-25 04:52:39,70.9963,24.6622,52.03,76,80,7.27,broken clouds
211,Pisco,PE,2022-07-25 04:52:39,-13.7,-76.2167,57.25,88,47,2.3,mist
212,Isangel,VU,2022-07-25 04:52:40,-19.55,169.2667,79.23,77,12,2.82,few clouds
213,Srednekolymsk,RU,2022-07-25 04:52:40,67.45,153.6833,72.14,28,100,13.65,overcast clouds
214,Douglas,US,2022-07-25 04:52:41,41.3,-96.167,74.5,67,0,3.44,clear sky
215,Montepuez,MZ,2022-07-25 04:52:41,-13.1256,38.9997,63.91,87,21,6.42,few clouds
216,Nobeoka,JP,2022-07-25 04:52:42,32.5833,131.6667,83.97,81,86,5.32,overcast clouds
217,Syumsi,RU,2022-07-25 04:52:42,57.1111,51.6149,73.96,80,20,1.19,moderate rain
218,Bocas Del Toro,PA,2022-07-25 04:52:43,9.3333,-82.25,78.66,75,60,2.86,broken clouds
219,Vostok,RU,2022-07-25 04:52:43,46.4856,135.8833,68.67,89,94,3.49,overcast clouds
220,Tromso,NO,2022-07-25 04:48:36,69.6496,18.957,51.82,76,0,5.75,clear sky
221,Gagra,GE,2022-07-25 04:52:44,43.3283,40.2239,67.14,73,33,6.93,scattered clouds
222,Batagay-Alyta,RU,2022-07-25 04:52:44,67.8006,130.4114,73.4,44,29,5.7,scattered clouds
223,Ramshir,IR,2022-07-25 04:52:45,30.8946,49.4092,102.06,8,1,10.04,clear sky
224,Fort Nelson,CA,2022-07-25 04:52:45,58.8053,-122.7002,67.59,52,75,2.3,broken clouds
225,Wau,SS,2022-07-25 04:52:46,7.7029,27.9953,71.62,96,100,3.87,overcast clouds
226,Puerto Baquerizo Moreno,EC,2022-07-25 04:52:46,-0.9,-89.6,69.35,80,92,11.88,overcast clouds
227,Hastings,GB,2022-07-25 04:52:47,50.8552,0.5729,65.95,85,87,17.16,overcast clouds
228,Bac Lieu,VN,2022-07-25 04:52:47,9.285,105.7244,86.29,68,90,10.02,overcast clouds
229,Vila,PT,2022-07-25 04:52:48,42.0304,-8.1588,50.88,91,16,3.4,few clouds
230,Lerwick,GB,2022-07-25 04:52:48,60.1545,-1.1494,53.6,89,100,19.69,overcast clouds
231,Kargasok,RU,2022-07-25 04:52:48,59.0556,80.8572,55.8,91,100,9.78,overcast clouds
232,Labuan,MY,2022-07-25 04:52:49,5.2767,115.2417,79.16,94,20,2.3,few clouds
233,Hamilton,US,2022-07-25 04:52:27,39.1834,-84.5333,79.57,88,0,9.22,clear sky
234,Naze,JP,2022-07-25 04:53:50,28.3667,129.4833,85.12,77,29,2.15,scattered clouds
235,Viedma,AR,2022-07-25 04:53:51,-40.8135,-62.9967,45.77,74,100,11.68,overcast clouds
236,Yulara,AU,2022-07-25 04:53:52,-25.2406,130.9889,66.16,34,0,9.24,clear sky
237,Pacific Grove,US,2022-07-25 04:51:22,36.6177,-121.9166,57.31,90,100,5.75,overcast clouds
238,Yongzhou,CN,2022-07-25 04:53:52,26.4559,111.5988,99.57,39,1,11.18,clear sky
239,Yar-Sale,RU,2022-07-25 04:45:47,66.8333,70.8333,54.95,65,96,14.18,overcast clouds
240,Saint Anthony,US,2022-07-25 04:52:55,45.0205,-93.218,69.42,66,0,10.36,clear sky
241,Tairua,NZ,2022-07-25 04:53:53,-37.0167,175.85,58.08,95,100,25.23,light rain
242,Sept-Iles,CA,2022-07-25 04:52:14,50.2001,-66.3821,63.12,94,100,13.8,moderate rain
243,Fairbanks,US,2022-07-25 04:53:54,64.8378,-147.7164,73.74,40,0,1.01,clear sky
244,Villa Maria,AR,2022-07-25 04:44:22,-32.4075,-63.2402,60.82,99,58,4.68,broken clouds
245,Ati,TD,2022-07-25 04:53:55,13.2154,18.3353,83.03,61,72,11.48,broken clouds
246,Itarema,BR,2022-07-25 04:53:55,-2.9248,-39.9167,78.91,80,84,16.67,broken clouds
247,Akdepe,TM,2022-07-25 04:53:56,42.0551,59.3788,82.49,22,100,10.98,overcast clouds
248,Mastic Beach,US,2022-07-25 04:53:57,40.7668,-72.8521,79.77,92,80,25.99,broken clouds
249,Moose Factory,CA,2022-07-25 04:53:57,51.2585,-80.6094,57.2,82,100,4.61,overcast clouds
250,Zhezkazgan,KZ,2022-07-25 04:53:58,47.8043,67.7144,84.18,17,0,15.66,clear sky
251,Sitka,US,2022-07-25 04:45:40,57.0531,-135.33,55.29,94,100,0.0,light intensity drizzle
252,Dongying,CN,2022-07-25 04:53:58,37.4564,118.4856,92.39,45,59,11.21,broken clouds
253,Manoharpur,IN,2022-07-25 04:53:59,27.3,75.95,87.39,62,52,14.74,broken clouds
254,Pevek,RU,2022-07-25 04:54:00,69.7008,170.3133,37.35,85,97,6.04,overcast clouds
255,Chicama,PE,2022-07-25 04:54:00,-7.8447,-79.1469,59.54,88,100,5.19,overcast clouds
256,Maunabo,PR,2022-07-25 04:54:01,18.0072,-65.8993,80.71,86,15,11.36,few clouds
257,Kot Diji,PK,2022-07-25 04:54:01,27.3427,68.7083,82.42,71,98,14.09,overcast clouds
258,Kedougou,SN,2022-07-25 04:54:01,12.5579,-12.1743,73.18,97,100,2.39,overcast clouds
259,Pasaje,EC,2022-07-25 04:54:02,-3.3333,-79.8167,69.94,95,48,0.18,light rain
260,Walla Walla,US,2022-07-25 04:53:13,46.0646,-118.343,78.53,51,17,1.99,few clouds
261,Darhan,MN,2022-07-25 04:54:03,49.4867,105.9228,67.73,62,89,5.66,overcast clouds
262,Dubai,AE,2022-07-25 04:50:53,25.2582,55.3047,100.69,34,100,8.05,overcast clouds
263,Archidona,ES,2022-07-25 04:54:03,37.0965,-4.3887,74.66,16,29,3.87,scattered clouds
264,Shimoda,JP,2022-07-25 04:54:04,34.6667,138.95,90.1,79,88,7.45,overcast clouds
265,Binga,ZW,2022-07-25 04:54:04,-17.6203,27.3414,59.07,53,1,1.54,clear sky
266,Shache,CN,2022-07-25 04:54:05,38.4167,77.2406,101.62,10,82,19.82,broken clouds
267,Gazanjyk,TM,2022-07-25 04:54:05,39.2446,55.5154,84.04,52,79,10.92,light rain
268,Gudalur,IN,2022-07-25 04:54:06,9.6833,77.2667,83.73,57,88,6.08,overcast clouds
269,Auraiya,IN,2022-07-25 04:54:06,26.4667,79.5167,90.54,57,61,13.24,broken clouds
270,Doha,QA,2022-07-25 04:44:01,25.2867,51.5333,93.18,72,20,3.44,few clouds
271,Vilyuysk,RU,2022-07-25 04:54:07,63.7553,121.6247,81.52,38,72,7.61,broken clouds
272,Bosaso,SO,2022-07-25 04:52:30,11.2842,49.1816,93.18,36,0,23.02,clear sky
273,Littleton,US,2022-07-25 04:49:38,39.6133,-105.0166,64.6,93,75,5.75,broken clouds
274,Kieta,PG,2022-07-25 04:54:08,-6.2167,155.6333,84.78,71,24,9.37,light rain
275,Port Augusta,AU,2022-07-25 04:54:08,-32.5,137.7667,63.36,35,28,18.95,scattered clouds
276,Warri,NG,2022-07-25 04:54:09,5.5167,5.75,73.09,91,100,3.33,light rain
277,Severobaykalsk,RU,2022-07-25 04:54:09,55.65,109.3167,68.07,63,92,3.0,light rain
278,Mehamn,NO,2022-07-25 04:55:10,71.0357,27.8492,53.51,81,40,4.61,scattered clouds
279,Quartucciu,IT,2022-07-25 04:55:10,39.2519,9.1794,78.01,54,0,5.75,clear sky
280,Dicabisagan,PH,2022-07-25 04:55:11,17.0818,122.4157,89.26,64,100,6.6,overcast clouds
281,Warburton,PK,2022-07-25 04:55:11,31.55,73.8333,91.65,56,82,9.33,broken clouds
282,Nouadhibou,MR,2022-07-25 04:55:12,20.931,-17.0347,76.98,78,53,19.57,broken clouds
283,Niono,ML,2022-07-25 04:55:12,14.2526,-5.993,76.86,79,100,6.55,light rain
284,Kyshtovka,RU,2022-07-25 04:55:13,56.555,76.6271,67.64,59,39,7.47,scattered clouds
285,Zanzibar,TZ,2022-07-25 04:55:13,-6.1639,39.1979,71.67,94,75,0.0,broken clouds
286,Puerto Narino,CO,2022-07-25 04:55:13,-3.7703,-70.3831,72.0,98,100,0.78,overcast clouds
287,Ponta Delgada,PT,2022-07-25 04:55:14,37.7333,-25.6667,74.5,100,40,4.61,scattered clouds
288,Airai,TL,2022-07-25 04:45:42,-8.9266,125.4092,71.74,42,63,3.85,broken clouds
289,Fergus Falls,US,2022-07-25 04:53:24,46.283,-96.0776,59.16,79,0,0.0,clear sky
290,Bacolod,PH,2022-07-25 04:55:15,10.6667,122.95,85.28,74,89,4.83,overcast clouds
291,Christchurch,NZ,2022-07-25 04:54:34,-43.5333,172.6333,44.8,93,100,3.44,drizzle
292,Mount Isa,AU,2022-07-25 04:55:15,-20.7333,139.5,85.77,21,0,9.22,clear sky
293,Pleasant Point,NZ,2022-07-25 04:55:16,-44.2667,171.1333,44.28,89,100,1.9,overcast clouds
294,Kysyl-Syr,RU,2022-07-25 04:55:16,63.8986,122.7617,80.64,38,20,6.26,few clouds
295,Mayo,US,2022-07-25 04:52:26,38.8876,-76.5119,86.41,78,0,8.05,clear sky
296,Raduzhnyy,RU,2022-07-25 04:55:17,62.0961,77.475,66.49,49,5,10.18,clear sky
297,Kanniyakumari,IN,2022-07-25 04:55:17,8.0833,77.5667,84.49,65,75,17.11,broken clouds
298,Arlit,NE,2022-07-25 04:55:18,18.7369,7.3853,91.85,23,6,6.49,clear sky
299,Gilgit,PK,2022-07-25 04:55:18,35.9221,74.3087,86.47,52,68,1.25,broken clouds
300,Hovd,MN,2022-07-25 04:55:19,48.0056,91.6419,73.83,16,10,0.74,clear sky
301,Victor Harbor,AU,2022-07-25 04:55:19,-35.5667,138.6167,56.68,76,40,18.63,scattered clouds
302,Ahipara,NZ,2022-07-25 04:55:20,-35.1667,173.1667,63.18,91,95,16.53,overcast clouds
303,Jining,CN,2022-07-25 04:55:20,35.405,116.5814,88.39,58,64,10.25,broken clouds
304,Ornskoldsvik,SE,2022-07-25 04:55:21,63.2909,18.7153,61.75,88,75,6.91,broken clouds
305,Mahajanga,MG,2022-07-25 04:55:21,-15.7167,46.3167,62.62,88,20,2.3,few clouds
306,Bowen,AU,2022-07-25 04:55:22,-20.0167,148.2333,71.02,69,4,12.86,clear sky
307,Reggio Di Calabria,IT,2022-07-25 04:54:39,38.1105,15.6613,79.75,72,0,12.66,clear sky
308,Itoman,JP,2022-07-25 04:55:22,26.1247,127.6694,89.98,74,75,13.8,broken clouds
309,Huilong,CN,2022-07-25 04:55:23,31.8111,121.655,88.93,77,58,11.95,broken clouds
310,Rasshevatskaya,RU,2022-07-25 04:55:23,45.5748,41.035,69.67,56,48,11.25,scattered clouds
311,Ishigaki,JP,2022-07-25 04:55:24,24.3448,124.1572,91.53,75,40,10.36,scattered clouds
312,Gushikawa,JP,2022-07-25 04:55:24,26.3544,127.8686,89.19,70,75,11.5,broken clouds
313,Salinas,US,2022-07-25 04:52:17,36.6777,-121.6555,57.99,84,100,10.36,overcast clouds
314,Bahir Dar,ET,2022-07-25 04:55:25,11.5936,37.3908,61.99,86,100,3.09,overcast clouds
315,Ulaanbaatar,MN,2022-07-25 04:50:31,47.9077,106.8832,62.73,55,40,8.95,moderate rain
316,Namibe,AO,2022-07-25 04:55:26,-15.1961,12.1522,61.86,88,0,3.15,clear sky
317,Avera,US,2022-07-25 04:55:26,33.194,-82.5271,75.54,85,90,8.32,overcast clouds
318,Nedjo,ET,2022-07-25 04:55:27,9.5046,35.5019,59.36,94,100,2.64,overcast clouds
319,Oakdale,US,2022-07-25 04:55:27,44.963,-92.9649,67.15,71,0,5.75,clear sky
320,Marrakesh,MA,2022-07-25 04:51:58,31.6315,-8.0083,87.87,30,40,2.3,scattered clouds
321,Kumbhraj,IN,2022-07-25 04:55:28,24.3667,77.05,74.75,97,100,8.1,moderate rain
322,Graham,US,2022-07-25 04:55:28,47.0529,-122.2943,70.52,72,0,3.44,clear sky
323,Tupelo,US,2022-07-25 04:52:24,34.2576,-88.7034,77.99,100,73,5.3,broken clouds
324,Mar Del Plata,AR,2022-07-25 04:54:00,-38.0023,-57.5575,51.1,95,100,16.11,overcast clouds
325,Vila Velha,BR,2022-07-25 04:55:29,-20.3297,-40.2925,67.95,94,75,4.61,broken clouds
326,Cairns,AU,2022-07-25 04:55:16,-16.9167,145.7667,79.07,63,75,16.11,broken clouds
327,Careiro Da Varzea,BR,2022-07-25 04:56:30,-3.2003,-59.8119,81.21,73,18,2.06,few clouds
328,Toora-Khem,RU,2022-07-25 04:56:30,52.4675,96.11,51.69,87,93,6.31,light rain
329,Komsomolskiy,UZ,2022-07-25 04:56:31,40.4272,71.7189,97.52,15,1,6.91,clear sky
330,Binzhou,CN,2022-07-25 04:56:31,37.3667,118.0167,91.76,45,63,9.13,broken clouds
331,Sao Joao Da Barra,BR,2022-07-25 04:56:32,-21.6403,-41.0511,69.67,88,1,9.13,clear sky
332,Pochutla,MX,2022-07-25 04:56:33,15.7432,-96.4661,75.81,91,91,3.74,overcast clouds
333,Fuling,CN,2022-07-25 04:55:38,29.7022,107.3919,93.34,62,12,3.8,few clouds
334,Wenatchee,US,2022-07-25 04:56:33,47.4235,-120.3103,76.55,42,57,6.62,broken clouds
335,Derzhavinsk,KZ,2022-07-25 04:56:34,51.1,66.3167,83.88,24,13,7.96,few clouds
336,Gat,IL,2022-07-25 04:56:35,31.61,34.7642,81.39,100,0,4.5,clear sky
337,Talakan,RU,2022-07-25 04:56:35,50.3167,130.3667,84.49,47,12,2.46,few clouds
338,Georgetown,MY,2022-07-25 04:54:10,5.4112,100.3354,88.9,79,40,3.44,scattered clouds
339,Umm Kaddadah,SD,2022-07-25 04:56:36,13.6017,26.6876,82.36,56,99,16.17,overcast clouds
340,Kirkuk,IQ,2022-07-25 04:56:36,35.4681,44.3922,93.56,10,0,2.15,clear sky
341,Nassjo,SE,2022-07-25 04:56:37,57.6531,14.6968,61.72,70,99,7.76,overcast clouds
342,Kathmandu,NP,2022-07-25 04:53:17,27.7167,85.3167,77.22,78,75,4.61,broken clouds
343,Sakakah,SA,2022-07-25 04:56:38,29.9697,40.2064,81.97,14,3,7.18,clear sky
344,Madison,US,2022-07-25 04:56:38,34.7334,-86.5667,80.4,86,0,10.0,clear sky
345,Aromashevo,RU,2022-07-25 04:56:39,56.8602,68.6375,71.82,61,15,10.58,few clouds
346,Brejo,BR,2022-07-25 04:56:39,-3.6844,-42.7503,73.6,93,100,0.58,overcast clouds
347,Novoagansk,RU,2022-07-25 04:56:40,61.9449,76.6625,67.26,49,2,10.51,clear sky
348,Boa Vista,BR,2022-07-25 04:54:36,2.8197,-60.6733,78.78,83,40,1.14,scattered clouds
349,Pembroke,CA,2022-07-25 04:54:00,45.8168,-77.1162,70.18,89,44,4.38,scattered clouds
350,Vagay,RU,2022-07-25 04:56:41,57.9375,69.0217,70.36,56,89,9.22,overcast clouds
351,Iracoubo,GF,2022-07-25 04:56:41,5.4802,-53.2011,77.92,88,73,9.4,broken clouds
352,Brae,GB,2022-07-25 04:56:42,60.3964,-1.353,52.36,90,99,19.98,overcast clouds
353,Novyy Svit,UA,2022-07-25 04:56:42,47.8059,38.0211,75.96,49,66,5.84,broken clouds
354,Roscommon,IE,2022-07-25 04:56:43,53.6333,-8.1833,54.12,90,100,14.27,overcast clouds
355,Bethel,US,2022-07-25 04:56:43,41.3712,-73.414,79.63,81,98,4.99,overcast clouds
356,Dudinka,RU,2022-07-25 04:56:44,69.4058,86.1778,61.63,85,100,32.21,light rain
357,Maceio,BR,2022-07-25 04:56:44,-9.6658,-35.7353,71.04,88,20,4.61,few clouds
358,Ushtobe,KZ,2022-07-25 04:56:45,45.2514,77.9838,89.19,19,0,17.0,clear sky
359,Ust-Nera,RU,2022-07-25 04:56:45,64.5667,143.2,75.52,30,17,1.61,few clouds
360,Ostrovnoy,RU,2022-07-25 04:56:46,68.0531,39.5131,52.56,78,100,13.33,overcast clouds
361,Najran,SA,2022-07-25 04:56:46,17.4924,44.1277,74.05,55,100,9.01,overcast clouds
362,Salalah,OM,2022-07-25 04:56:47,17.0151,54.0924,76.1,94,100,6.29,light rain
363,Lazarev,RU,2022-07-25 04:56:48,52.225,141.5131,61.16,93,78,19.01,moderate rain
364,Labrea,BR,2022-07-25 04:53:09,-7.2586,-64.7981,76.53,68,29,1.7,scattered clouds
365,Iseyin,NG,2022-07-25 04:56:49,7.9667,3.6,70.95,97,100,3.87,light rain
366,Soyo,AO,2022-07-25 04:56:49,-6.1349,12.3689,69.21,93,39,2.28,scattered clouds
367,Ulladulla,AU,2022-07-25 04:56:50,-35.35,150.4667,64.22,61,51,9.98,broken clouds
368,Bengkulu,ID,2022-07-25 04:56:50,-3.8004,102.2655,80.46,84,99,8.77,overcast clouds
369,Saskylakh,RU,2022-07-25 04:56:51,71.9167,114.0833,77.38,42,21,11.34,few clouds
370,Leiyang,CN,2022-07-25 04:56:51,26.4024,112.8591,102.06,35,1,6.06,clear sky
371,Saldanha,ZA,2022-07-25 04:56:52,-33.0117,17.9442,46.45,56,0,10.33,clear sky
372,Kundiawa,PG,2022-07-25 04:56:52,-6.0167,144.9667,79.77,40,5,4.63,clear sky
373,Kuala Terengganu,MY,2022-07-25 04:57:53,5.3302,103.1408,87.75,70,40,5.01,scattered clouds
374,Taoudenni,ML,2022-07-25 04:57:54,22.6783,-3.9836,97.52,22,96,2.04,overcast clouds
375,Kargopol,RU,2022-07-25 04:57:54,61.5071,38.9456,59.27,98,100,4.41,moderate rain
376,Kudahuvadhoo,MV,2022-07-25 04:57:55,2.6708,72.8944,82.15,73,94,10.04,overcast clouds
377,Inhambane,MZ,2022-07-25 04:57:56,-23.865,35.3833,68.0,77,40,10.36,scattered clouds
378,Coos Bay,US,2022-07-25 04:57:56,43.3665,-124.2179,61.0,95,26,1.99,scattered clouds
379,Ampanihy,MG,2022-07-25 04:57:56,-24.7,44.75,65.16,80,0,3.0,clear sky
380,Umm Lajj,SA,2022-07-25 04:57:57,25.0213,37.2685,84.87,73,53,15.88,broken clouds
381,Ust-Maya,RU,2022-07-25 04:57:58,60.4167,134.5333,78.46,43,2,9.31,clear sky
382,Praia Da Vitoria,PT,2022-07-25 04:57:37,38.7333,-27.0667,73.76,88,40,5.12,scattered clouds
383,Turkan,AZ,2022-07-25 04:57:58,40.3639,50.215,73.58,73,20,25.32,few clouds
384,Santa Cruz De Tenerife,ES,2022-07-25 04:57:59,28.4682,-16.2546,87.58,38,0,14.97,clear sky
385,Vardo,NO,2022-07-25 04:56:50,70.3705,31.1107,53.58,71,20,4.61,few clouds
386,Lovozero,RU,2022-07-25 04:58:00,68.005,35.0117,55.83,57,78,3.87,broken clouds
387,Paamiut,GL,2022-07-25 04:58:00,61.994,-49.6678,43.36,82,10,2.15,clear sky
388,Xalpatlahuac,MX,2022-07-25 04:58:01,17.4667,-98.6167,61.92,94,99,3.22,overcast clouds
389,Kalabo,ZM,2022-07-25 04:58:01,-14.97,22.6814,52.47,52,0,4.72,clear sky
390,Douentza,ML,2022-07-25 04:58:02,14.9951,-2.9517,80.11,70,92,10.54,overcast clouds
391,Port Hardy,CA,2022-07-25 04:57:49,50.6996,-127.4199,64.58,77,40,10.36,fog
392,Malente,DE,2022-07-25 04:58:03,54.1712,10.5552,70.66,54,98,9.95,overcast clouds
393,Kibakwe,TZ,2022-07-25 04:58:03,-6.7167,36.3667,60.82,78,2,4.07,clear sky
394,Leningradskiy,RU,2022-07-25 04:57:18,69.3833,178.4167,36.3,91,100,5.64,overcast clouds
395,Kaliganj,BD,2022-07-25 04:58:04,23.4095,89.1402,80.24,86,100,8.79,overcast clouds
396,Davila,PH,2022-07-25 04:58:04,18.4726,120.5763,89.58,69,25,4.81,scattered clouds
397,Monrovia,LR,2022-07-25 04:58:05,6.3005,-10.7969,75.06,78,100,7.18,overcast clouds
398,Mogzon,RU,2022-07-25 04:58:06,51.7435,111.9606,65.03,88,100,8.41,overcast clouds
399,Margate,GB,2022-07-25 04:58:06,51.3813,1.3862,65.89,85,90,4.0,overcast clouds
400,Curaca,BR,2022-07-25 04:53:12,-8.9903,-39.9094,67.95,69,97,15.19,overcast clouds
401,Kerema,PG,2022-07-25 04:58:07,-7.9631,145.7785,81.64,82,27,9.64,scattered clouds
402,Baykit,RU,2022-07-25 04:58:07,61.67,96.37,75.31,38,47,6.22,scattered clouds
403,Burgeo,CA,2022-07-25 04:58:08,47.6167,-57.6152,62.98,94,83,2.98,broken clouds
404,Arraias,BR,2022-07-25 04:58:08,-12.9288,-46.9437,67.73,53,84,6.46,broken clouds
405,Lunenburg,CA,2022-07-25 04:58:08,44.3835,-64.3155,69.49,97,65,12.66,broken clouds
406,Otavi,NA,2022-07-25 04:58:09,-19.65,17.3333,58.12,37,0,5.7,clear sky
407,Baracoa,CU,2022-07-25 04:58:09,20.3467,-74.4958,79.34,86,87,11.72,overcast clouds
408,San Lawrenz,MT,2022-07-25 04:58:10,36.0553,14.204,79.86,90,0,7.78,clear sky
409,Omsukchan,RU,2022-07-25 04:58:10,62.5333,155.8,67.96,29,6,3.18,clear sky
410,Schneverdingen,DE,2022-07-25 04:58:11,53.1167,9.8,69.91,59,100,7.2,overcast clouds
411,College,US,2022-07-25 04:58:12,64.8569,-147.8028,72.59,43,67,2.86,broken clouds
412,East London,ZA,2022-07-25 04:58:13,-33.0153,27.9116,52.74,82,0,8.05,clear sky
413,Sesheke,ZM,2022-07-25 04:58:14,-17.4759,24.2968,55.24,51,0,4.72,clear sky
414,Abeche,TD,2022-07-25 04:58:14,13.8292,20.8324,79.66,67,100,7.0,overcast clouds
415,Laguna,US,2022-07-25 04:57:20,38.421,-121.4238,80.74,36,0,8.05,clear sky
416,Nisia Floresta,BR,2022-07-25 04:58:15,-6.0911,-35.2086,73.78,85,41,10.98,scattered clouds
417,Maniitsoq,GL,2022-07-25 04:57:19,65.4167,-52.9,43.09,85,4,10.11,clear sky
418,Locri,IT,2022-07-25 04:58:16,38.2414,16.2623,79.32,72,0,13.51,clear sky
419,Saint-Louis,SN,2022-07-25 04:58:16,16.3333,-15.0,81.82,71,72,11.18,broken clouds
420,Dunedin,NZ,2022-07-25 04:58:17,-45.8742,170.5036,50.81,84,98,11.01,overcast clouds
421,Belaya Gora,RU,2022-07-25 04:59:17,68.5333,146.4167,77.13,27,51,7.49,broken clouds
422,Baie-Comeau,CA,2022-07-25 04:57:19,49.2168,-68.1489,60.48,100,100,5.75,mist
423,Kailua,US,2022-07-25 04:59:18,21.4022,-157.7394,82.02,73,4,5.99,clear sky
424,Lima,PE,2022-07-25 04:54:50,-12.0432,-77.0282,58.89,86,75,11.5,broken clouds
425,Yuryuzan,RU,2022-07-25 04:59:18,54.8633,58.4219,77.27,52,6,1.72,clear sky
426,Bellefontaine,US,2022-07-25 04:59:19,40.3612,-83.7597,76.44,94,75,6.91,broken clouds
427,Bintulu,MY,2022-07-25 04:59:19,3.1667,113.0333,82.81,88,40,3.44,scattered clouds
428,Kanye,BW,2022-07-25 04:59:20,-24.9667,25.3327,47.25,32,86,5.03,overcast clouds
429,Olafsvik,IS,2022-07-25 04:59:20,64.8945,-23.7142,50.5,81,83,6.26,broken clouds
430,Nicoya,CR,2022-07-25 04:59:20,10.1483,-85.452,72.7,90,46,3.02,scattered clouds
431,Lata,PT,2022-07-25 04:59:21,40.1629,-8.3327,60.08,89,0,2.39,clear sky
432,Lorengau,PG,2022-07-25 04:59:21,-2.0226,147.2712,85.5,69,48,9.26,scattered clouds
433,Bubaque,GW,2022-07-25 04:59:22,11.2833,-15.8333,78.49,82,97,5.46,overcast clouds
434,Guiratinga,BR,2022-07-25 04:59:22,-16.3494,-53.7583,67.17,46,0,3.96,clear sky
435,Chapais,CA,2022-07-25 04:59:23,49.7834,-74.8492,62.38,99,100,4.59,overcast clouds
436,Phangnga,TH,2022-07-25 04:59:23,8.4509,98.5298,87.84,67,100,3.18,overcast clouds
437,Nhulunbuy,AU,2022-07-25 04:59:24,-12.2333,136.7667,83.01,65,40,14.97,scattered clouds
438,Batemans Bay,AU,2022-07-25 04:59:24,-35.7167,150.1833,58.1,59,62,9.55,broken clouds
439,Amherst,US,2022-07-25 04:58:18,41.3978,-82.2224,75.51,87,100,14.97,overcast clouds
440,Mananjary,MG,2022-07-25 04:59:25,-21.2167,48.3333,65.77,84,8,3.24,clear sky
441,Kupino,RU,2022-07-25 04:59:26,54.3663,77.2981,71.35,47,55,8.25,broken clouds
442,Encruzilhada Do Sul,BR,2022-07-25 04:59:27,-30.5439,-52.5219,63.32,90,86,1.7,overcast clouds
443,Kisangani,CD,2022-07-25 04:59:27,0.5167,25.2,72.12,92,32,1.88,scattered clouds
444,Katherine,AU,2022-07-25 04:56:25,-14.4667,132.2667,89.92,19,4,11.5,clear sky
445,Port Moresby,PG,2022-07-25 04:59:29,-9.4431,147.1797,85.42,70,40,17.27,scattered clouds
446,Jaque,PA,2022-07-25 04:59:29,7.5175,-78.1703,77.16,87,97,2.95,moderate rain
447,Sola,VU,2022-07-25 04:59:30,-13.8833,167.55,80.69,76,12,9.6,few clouds
448,Baneh,IR,2022-07-25 04:59:30,35.9975,45.8853,73.24,50,0,6.91,clear sky
449,Surgut,RU,2022-07-25 04:59:31,61.25,73.4167,68.18,56,0,11.18,clear sky
450,Robe,AU,2022-07-25 04:59:31,-37.1833,139.75,55.44,75,86,25.59,overcast clouds
451,Port-Gentil,GA,2022-07-25 04:59:32,-0.7193,8.7815,73.33,78,99,6.38,overcast clouds
452,Manacapuru,BR,2022-07-25 04:59:32,-3.2997,-60.6206,78.39,72,82,4.99,broken clouds
453,Norman Wells,CA,2022-07-25 04:57:06,65.282,-126.8329,66.24,63,75,0.0,broken clouds
454,Veraval,IN,2022-07-25 04:57:50,20.9,70.3667,83.1,77,90,17.72,overcast clouds
455,Lago Da Pedra,BR,2022-07-25 04:59:33,-4.3333,-45.1667,75.7,61,94,3.76,overcast clouds
456,Broome,US,2022-07-25 04:56:29,42.2506,-75.833,72.01,92,100,4.0,overcast clouds
457,Mount Pleasant,US,2022-07-25 04:59:34,32.7941,-79.8626,82.38,86,20,8.05,few clouds
458,Kholmsk,RU,2022-07-25 04:59:34,47.0511,142.0569,68.97,75,27,5.93,scattered clouds
459,Salinopolis,BR,2022-07-25 04:59:35,-0.6136,-47.3561,78.53,84,80,6.55,broken clouds
460,Myitkyina,MM,2022-07-25 04:59:35,25.3833,97.4,88.83,61,78,2.64,broken clouds
461,Kahului,US,2022-07-25 04:59:36,20.8947,-156.47,78.84,82,44,15.01,scattered clouds
462,Sao Filipe,CV,2022-07-25 04:57:07,14.8961,-24.4956,77.45,86,91,11.79,overcast clouds
463,Yamethin,MM,2022-07-25 04:59:37,20.4333,96.15,92.05,49,33,4.16,scattered clouds
464,Turukhansk,RU,2022-07-25 04:59:37,65.8167,87.9833,67.06,54,20,18.59,few clouds
465,Sinnamary,GF,2022-07-25 04:59:38,5.3833,-52.95,77.74,87,52,8.63,broken clouds
466,Manaquiri,BR,2022-07-25 04:59:38,-3.3167,-60.35,81.05,73,65,3.0,broken clouds
467,Ravensburg,DE,2022-07-25 04:59:39,47.7833,9.6167,71.08,88,0,2.3,clear sky
468,Muros,ES,2022-07-25 04:57:15,42.7762,-9.0603,64.09,90,52,2.35,broken clouds
469,Hervey Bay,AU,2022-07-25 05:00:40,-25.2986,152.8535,67.8,65,6,10.13,clear sky
470,Sassandra,CI,2022-07-25 05:00:40,4.95,-6.0833,72.34,87,100,4.14,overcast clouds
471,Assiniboia,CA,2022-07-25 05:00:31,49.6334,-105.9845,65.68,51,5,10.29,clear sky
472,Sao Domingos,BR,2022-07-25 05:00:41,-13.3983,-46.3183,67.1,61,99,12.48,overcast clouds
473,Poronaysk,RU,2022-07-25 05:00:41,49.2167,143.1167,66.49,83,15,11.03,few clouds
474,Petropavlovka,RU,2022-07-25 05:00:42,50.6114,105.3196,59.13,91,100,3.18,overcast clouds
475,Tsabong,BW,2022-07-25 05:00:42,-26.0217,22.401,48.96,23,20,10.13,few clouds
476,Hasaki,JP,2022-07-25 04:57:30,35.7333,140.8333,90.0,82,90,16.91,overcast clouds
477,Nelidovo,RU,2022-07-25 05:00:43,56.2211,32.7774,58.1,94,100,5.95,overcast clouds
478,Poum,NC,2022-07-25 05:00:44,-20.2333,164.0167,75.06,66,0,16.53,clear sky
479,Beziers,FR,2022-07-25 05:00:44,43.3476,3.219,72.39,78,0,6.91,clear sky
480,Tonj,SS,2022-07-25 05:00:45,7.2737,28.6822,71.13,96,99,2.95,overcast clouds
481,Eyl,SO,2022-07-25 05:00:46,7.9803,49.8164,80.33,54,41,28.36,scattered clouds
482,Cabinda,AO,2022-07-25 05:00:46,-5.55,12.2,70.11,91,72,2.3,broken clouds
483,Tura,IN,2022-07-25 04:55:58,25.5198,90.2201,80.53,83,100,3.8,overcast clouds
484,Jinsha,CN,2022-07-25 05:00:47,32.0898,121.0735,89.35,66,30,9.13,scattered clouds
485,Xining,CN,2022-07-25 04:56:08,36.6167,101.7667,74.8,46,0,2.55,clear sky
486,Quatre Cocos,MU,2022-07-25 05:00:48,-20.2078,57.7625,72.09,64,12,10.49,few clouds
487,Xingyi,CN,2022-07-25 05:00:49,24.1877,102.817,78.93,50,7,8.59,clear sky
488,Mongomo,GQ,2022-07-25 05:00:49,1.6274,11.3135,65.66,99,98,2.21,light rain
489,Altay,CN,2022-07-25 05:00:50,47.8667,88.1167,77.04,30,13,20.87,few clouds
490,Makakilo City,US,2022-07-25 05:00:50,21.3469,-158.0858,80.56,64,4,16.64,clear sky
491,Virginia Beach,US,2022-07-25 04:59:32,36.8529,-75.978,82.02,88,1,1.01,clear sky
492,Svetlogorsk,BY,2022-07-25 05:00:51,52.6333,29.7333,60.33,94,25,9.73,scattered clouds
493,Baoning,CN,2022-07-25 05:00:51,25.3378,110.026,94.71,48,8,6.73,clear sky
494,Sydney,AU,2022-07-25 04:59:52,-33.8679,151.2073,67.71,66,40,10.36,scattered clouds
495,Pimentel,PE,2022-07-25 05:00:52,-6.8367,-79.9342,62.06,93,100,11.25,overcast clouds
496,South Lake Tahoe,US,2022-07-25 04:57:00,38.9332,-119.9844,68.25,46,0,4.7,clear sky
497,Yerofey Pavlovich,RU,2022-07-25 05:00:53,53.9667,121.9667,81.73,41,25,5.79,scattered clouds
498,Eirunepe,BR,2022-07-25 05:00:53,-6.6603,-69.8736,71.42,97,90,2.01,overcast clouds
499,Jodar,ES,2022-07-25 05:00:54,37.8406,-3.3526,81.48,22,42,1.1,scattered clouds
500,Kamwenge,UG,2022-07-25 05:00:54,0.1866,30.4539,67.21,73,99,1.81,overcast clouds
501,Dali,CN,2022-07-25 05:00:55,25.7,100.1833,69.94,78,97,3.33,overcast clouds
502,Marietta,US,2022-07-25 05:00:00,33.9526,-84.5499,80.01,90,76,3.0,broken clouds
503,Grand Gaube,MU,2022-07-25 05:00:56,-20.0064,57.6608,72.37,68,4,3.0,clear sky
504,Catamarca,AR,2022-07-25 04:58:10,-28.4696,-65.7852,69.78,61,13,1.99,few clouds
505,Nagua,DO,2022-07-25 05:00:56,19.3832,-69.8474,75.92,89,19,8.32,few clouds
506,Pangai,TO,2022-07-25 05:00:57,-19.8,-174.35,74.75,67,72,20.0,broken clouds
507,Gamba,GA,2022-07-25 05:00:57,-2.65,10.0,69.62,89,96,0.92,overcast clouds
508,Fethiye,TR,2022-07-25 05:00:58,36.6217,29.1164,78.67,27,0,7.02,clear sky
509,Ximei,CN,2022-07-25 05:00:58,24.9639,118.3794,99.09,44,4,2.55,clear sky
510,Lawton,US,2022-07-25 05:00:59,34.6087,-98.3903,87.71,45,0,6.91,clear sky
511,Bajil,YE,2022-07-25 05:00:59,15.0584,43.2851,85.15,58,100,3.27,overcast clouds
512,Ugoofaaru,MV,2022-07-25 05:01:00,5.6667,73.0,81.9,76,77,12.35,broken clouds
513,Ribita,RO,2022-07-25 05:01:00,46.1833,22.7667,67.98,56,5,2.06,clear sky
514,Nantucket,US,2022-07-25 04:58:24,41.2835,-70.0995,80.71,97,100,13.8,mist
515,Campbell River,CA,2022-07-25 05:01:01,50.0163,-125.2446,69.46,75,98,10.27,overcast clouds
516,Manila,PH,2022-07-25 05:00:00,14.6042,120.9822,94.1,74,20,8.99,few clouds
517,La Plata,AR,2022-07-25 05:02:01,-34.9215,-57.9545,55.94,96,100,12.33,overcast clouds
518,Tabuk,PH,2022-07-25 05:02:02,17.4189,121.4443,90.39,59,96,3.53,overcast clouds
519,Cockburn Town,TC,2022-07-25 05:02:02,21.4612,-71.1419,81.46,78,48,23.98,scattered clouds
520,Petropavlovsk-Kamchatskiy,RU,2022-07-25 05:02:03,53.0452,158.6483,57.79,82,75,2.24,broken clouds
521,Normandin,CA,2022-07-25 05:02:03,48.8333,-72.5321,63.39,98,82,6.08,broken clouds
522,Mana,GF,2022-07-25 05:02:04,5.6592,-53.7767,76.59,91,87,8.28,overcast clouds
523,Cachira,CO,2022-07-25 05:00:13,7.741,-73.0483,55.62,96,99,2.8,overcast clouds
524,Vestmannaeyjar,IS,2022-07-25 05:02:04,63.4427,-20.2734,51.57,85,94,8.21,overcast clouds
525,Saint-Leu,RE,2022-07-25 05:02:05,-21.15,55.2833,71.31,68,17,8.5,few clouds
526,Waddan,LY,2022-07-25 05:02:06,29.1614,16.139,73.17,71,0,7.74,clear sky
527,Qujing,CN,2022-07-25 05:02:06,25.4833,103.7833,77.41,59,24,13.38,few clouds
528,Saint-Michel-Des-Saints,CA,2022-07-25 05:02:07,46.6834,-73.9159,66.94,99,72,5.41,broken clouds
529,Murray,US,2022-07-25 04:59:31,40.6669,-111.888,77.94,53,0,10.36,clear sky
530,Ferry Pass,US,2022-07-25 05:02:08,30.5102,-87.2125,84.69,95,36,3.69,scattered clouds
531,Saint-Augustin,CA,2022-07-25 05:02:09,51.226,-58.6502,62.06,78,62,1.54,broken clouds
532,Kharp,RU,2022-07-25 05:02:10,66.8014,65.8081,49.42,83,97,10.04,overcast clouds
533,Longview,US,2022-07-25 05:00:43,32.5007,-94.7405,86.16,63,0,10.36,clear sky
534,Sivas,TR,2022-07-25 05:00:29,39.7916,37.0019,54.72,69,5,3.87,clear sky
535,Vanavara,RU,2022-07-25 05:02:11,60.34,102.2797,77.23,42,11,3.69,few clouds
536,Comodoro Rivadavia,AR,2022-07-25 05:02:11,-45.8667,-67.5,38.07,64,88,6.91,overcast clouds
537,Narsaq,GL,2022-07-25 05:02:12,60.9167,-46.05,48.42,75,96,4.38,overcast clouds
538,Tessalit,ML,2022-07-25 05:02:12,20.1986,1.0114,86.72,33,25,6.62,scattered clouds
539,Verkhniy Tagil,RU,2022-07-25 05:02:13,57.3733,59.9556,77.67,56,0,7.02,clear sky
540,Forestville,US,2022-07-25 05:02:13,38.8451,-76.875,85.05,76,0,10.36,clear sky
541,Khani,GE,2022-07-25 05:02:14,41.9563,42.9566,56.77,72,10,2.21,clear sky
542,Conakry,GN,2022-07-25 04:58:57,9.538,-13.6773,74.48,95,100,3.76,heavy intensity rain
543,Wuwei,CN,2022-07-25 05:02:15,37.9281,102.6414,94.6,13,0,7.7,clear sky
544,Dahra,DZ,2022-07-25 05:02:16,36.2546,0.8519,74.14,45,0,2.15,clear sky
545,Codrington,AU,2022-07-25 05:02:16,-38.2667,141.9667,57.34,86,95,15.68,overcast clouds
546,Basoko,CD,2022-07-25 05:02:17,1.2391,23.616,71.37,94,68,2.39,broken clouds
547,Floro,NO,2022-07-25 05:02:17,61.5996,5.0328,62.67,94,75,13.8,light intensity shower rain
548,Wajima,JP,2022-07-25 05:02:18,37.4,136.9,81.1,74,46,7.85,scattered clouds
549,Perigueux,FR,2022-07-25 05:02:18,45.1833,0.7167,65.97,80,82,4.76,broken clouds
550,Harper,LR,2022-07-25 05:02:19,4.375,-7.7169,73.38,78,89,5.88,overcast clouds
551,Nabire,ID,2022-07-25 05:02:19,-3.3667,135.4833,84.49,71,48,3.91,scattered clouds
552,Usvyaty,RU,2022-07-25 05:02:20,55.7456,30.7533,59.86,89,28,6.04,scattered clouds
553,Huescar,ES,2022-07-25 05:02:20,37.811,-2.5412,74.26,27,16,2.3,few clouds
554,Shingu,JP,2022-07-25 05:01:24,33.7333,135.9833,84.94,67,51,6.35,broken clouds
555,Honiara,SB,2022-07-25 05:02:21,-9.4333,159.95,84.49,69,59,5.35,broken clouds
556,Dobryanka,RU,2022-07-25 05:02:22,58.4619,56.4165,75.13,70,36,5.21,light rain
557,Puerto Madero,MX,2022-07-25 05:02:22,14.7208,-92.4215,79.23,79,57,4.99,broken clouds
558,Honningsvag,NO,2022-07-25 05:02:22,70.9821,25.9704,51.55,71,0,2.3,clear sky
559,Tehachapi,US,2022-07-25 05:01:23,35.1322,-118.449,84.43,24,0,3.0,clear sky
560,Richards Bay,ZA,2022-07-25 05:02:23,-28.783,32.0377,60.67,57,17,15.77,few clouds
561,Nome,US,2022-07-25 05:02:23,64.5011,-165.4064,57.16,68,100,2.21,overcast clouds
562,Kushmurun,KZ,2022-07-25 05:02:24,52.4503,64.6311,83.62,27,20,6.67,few clouds
563,Lazaro Cardenas,MX,2022-07-25 05:02:25,17.9583,-102.2,79.54,82,52,3.15,broken clouds
564,Smithers,CA,2022-07-25 05:03:25,54.7804,-127.1743,56.23,91,96,3.71,overcast clouds
565,Sambava,MG,2022-07-25 05:03:25,-14.2667,50.1667,70.07,73,15,8.46,few clouds
566,Abha,SA,2022-07-25 05:03:26,18.2164,42.5053,64.35,70,100,5.01,overcast clouds
567,Tazmalt,DZ,2022-07-25 05:03:26,36.3868,4.3989,81.36,28,0,3.0,clear sky
568,Grande Prairie,CA,2022-07-25 05:00:40,55.1667,-118.8027,61.86,64,100,4.85,overcast clouds
569,Darnah,LY,2022-07-25 05:03:27,32.767,22.6367,79.38,71,0,15.52,clear sky
570,San Jose,US,2022-07-25 05:02:12,37.3394,-121.895,64.54,78,20,10.36,few clouds
571,Sand,DE,2022-07-25 05:03:28,50.0,10.6,70.25,70,89,4.43,overcast clouds
572,Qaqortoq,GL,2022-07-25 05:03:28,60.7167,-46.0333,46.0,91,92,5.12,overcast clouds
573,San Matias,BO,2022-07-25 05:03:29,-16.3667,-58.4,74.08,40,0,4.27,clear sky
574,Madinat Sittah Uktubar,EG,2022-07-25 05:03:29,29.8167,31.05,73.0,62,0,8.86,clear sky
575,Kushiro,JP,2022-07-25 05:03:30,42.975,144.3747,69.62,86,42,6.96,scattered clouds
576,Kijang,KR,2022-07-25 05:00:41,35.2442,129.2139,87.53,82,36,5.44,scattered clouds
577,Lavrentiya,RU,2022-07-25 05:03:30,65.5833,-171.0,42.06,89,100,10.0,light rain
578,Port Lincoln,AU,2022-07-25 05:03:31,-34.7333,135.8667,55.65,63,41,21.5,scattered clouds
579,Manta,EC,2022-07-25 05:03:31,-0.95,-80.7333,68.99,87,66,9.08,broken clouds
580,Kavaratti,IN,2022-07-25 05:03:31,10.5669,72.642,81.99,75,100,11.63,overcast clouds
581,Zhigansk,RU,2022-07-25 05:03:32,66.7697,123.3711,71.44,53,17,3.96,few clouds
582,Buala,SB,2022-07-25 05:03:32,-8.145,159.5921,86.07,61,53,7.67,broken clouds
583,Kaberamaido,UG,2022-07-25 05:03:33,1.7389,33.1594,66.2,87,62,1.03,light rain
584,Skjervoy,NO,2022-07-25 05:03:33,70.0311,20.9714,50.0,77,17,10.16,few clouds
585,Letka,RU,2022-07-25 05:03:34,59.6011,49.4232,73.76,67,36,2.98,scattered clouds
586,Kamina,CD,2022-07-25 05:03:34,-8.7386,24.9906,59.99,47,10,4.83,clear sky
587,Visnes,NO,2022-07-25 05:03:35,59.3556,5.2242,62.22,94,75,17.27,broken clouds
588,Gao,ML,2022-07-25 05:03:35,16.6362,1.637,86.13,50,30,9.66,scattered clouds
589,Preobrazheniye,RU,2022-07-25 05:03:36,42.9019,133.9064,71.1,82,84,5.23,broken clouds
590,Puerto De La Cruz,ES,2022-07-25 05:03:36,28.414,-16.5487,90.55,47,71,1.01,broken clouds
591,Atar,MR,2022-07-25 05:03:36,20.5169,-13.0499,86.5,46,2,6.91,clear sky
592,Khryashchevka,RU,2022-07-25 05:03:37,53.8119,49.0916,69.13,81,94,5.32,overcast clouds
593,Sulangan,PH,2022-07-25 05:03:38,11.1373,123.7228,84.02,71,83,2.3,broken clouds
594,Camana,PE,2022-07-25 05:03:38,-16.6228,-72.7111,60.31,83,51,5.55,broken clouds
595,Flinders,AU,2022-07-25 05:03:39,-34.5833,150.8552,68.18,67,34,4.0,scattered clouds
596,Bonito,BR,2022-07-25 05:00:38,-21.1211,-56.4819,69.51,43,16,2.04,few clouds
597,Portland,US,2022-07-25 05:00:38,45.5234,-122.6762,81.61,51,1,5.01,clear sky
598,Bonfim,BR,2022-07-25 05:03:39,3.0833,-59.95,74.03,94,91,3.98,overcast clouds
599,Taitung,TW,2022-07-25 05:03:40,22.7583,121.1444,91.67,66,20,6.91,few clouds
600,Krasnoselkup,RU,2022-07-25 05:03:40,65.7,82.4667,52.88,93,100,13.96,light rain
601,Hobyo,SO,2022-07-25 05:03:41,5.3505,48.5268,77.9,71,60,22.03,broken clouds
602,Bida,NG,2022-07-25 05:03:41,9.0833,6.0167,72.54,97,100,4.18,light rain
603,Nuuk,GL,2022-07-25 05:03:42,64.1835,-51.7216,39.81,100,100,8.05,fog
604,Pocos De Caldas,BR,2022-07-25 05:03:42,-21.7878,-46.5614,55.74,59,58,3.44,broken clouds
605,Namatanai,PG,2022-07-25 05:03:43,-3.6667,152.4333,83.53,75,28,10.69,light rain
606,Zastavna,UA,2022-07-25 05:03:43,48.5231,25.8437,63.25,67,8,6.31,clear sky
607,Mirai,BR,2022-07-25 05:03:44,-21.1953,-42.6142,59.67,93,1,1.07,clear sky
608,Ancud,CL,2022-07-25 05:03:44,-41.8697,-73.8203,44.22,93,98,9.04,overcast clouds
609,Houma,US,2022-07-25 05:02:33,29.5958,-90.7195,80.01,90,0,0.0,clear sky
610,Mattoon,US,2022-07-25 05:03:45,39.4831,-88.3728,75.52,88,0,5.75,clear sky
611,Verkhnevilyuysk,RU,2022-07-25 05:03:45,63.4453,120.3167,83.26,48,61,8.84,broken clouds
612,Masumbwe,TZ,2022-07-25 05:03:45,-3.6333,32.1833,67.55,50,96,6.69,overcast clouds
613,Aklavik,CA,2022-07-25 05:04:46,68.2191,-135.0107,59.11,62,43,5.32,scattered clouds
614,Takoradi,GH,2022-07-25 05:04:46,4.8845,-1.7554,72.45,88,33,6.38,scattered clouds
615,Yelan-Koleno,RU,2022-07-25 05:04:47,51.1523,41.2306,72.55,68,69,5.35,broken clouds
616,Siyabuswa,ZA,2022-07-25 05:04:48,-25.1132,29.0445,50.88,76,1,4.99,clear sky
617,Wadi Maliz,TN,2022-07-25 05:04:48,36.4681,8.5495,78.55,32,0,2.26,clear sky
618,Rio Cuarto,AR,2022-07-25 05:04:49,-33.1307,-64.3499,59.47,95,100,2.21,overcast clouds
619,Reinbek,DE,2022-07-25 05:04:49,53.5167,10.25,72.03,59,100,7.11,overcast clouds
620,Daru,PG,2022-07-25 05:04:49,-9.0763,143.2092,78.12,87,87,16.08,overcast clouds
621,Warrington,GB,2022-07-25 05:04:50,53.3925,-2.5802,60.91,89,100,5.75,overcast clouds
622,Rio Do Sul,BR,2022-07-25 05:00:27,-27.2142,-49.6431,63.39,99,53,0.58,broken clouds
623,Epe,NG,2022-07-25 05:04:51,6.5841,3.9834,73.42,96,100,4.05,light rain
624,Jacareacanga,BR,2022-07-25 05:04:51,-6.2222,-57.7528,72.43,59,9,0.65,clear sky
625,Mecca,SA,2022-07-25 05:04:52,21.4267,39.8261,86.32,60,78,24.07,broken clouds
626,Socorro,US,2022-07-25 05:04:52,31.6546,-106.3033,85.21,37,75,8.05,broken clouds
627,Manado,ID,2022-07-25 05:04:53,1.487,124.8455,90.37,51,40,8.05,scattered clouds
628,Alice Springs,AU,2022-07-25 05:03:10,-23.7,133.8833,69.35,32,0,9.22,clear sky
629,Farmington,US,2022-07-25 05:00:52,36.7281,-108.2187,72.28,64,40,17.27,scattered clouds
630,Sandwick,GB,2022-07-25 05:04:54,60.0,-1.25,51.62,93,100,18.41,overcast clouds
631,Vao,NC,2022-07-25 05:04:54,-22.6667,167.4833,71.67,74,43,13.65,scattered clouds
632,Ngunguru,NZ,2022-07-25 05:04:54,-35.6167,174.5,61.59,96,100,27.89,overcast clouds
633,Panalingaan,PH,2022-07-25 05:04:55,8.7842,117.4231,85.24,73,69,5.1,light rain
634,Kalispell,US,2022-07-25 05:04:55,48.1958,-114.3129,67.66,71,0,4.61,clear sky
635,Kadaya,RU,2022-07-25 05:04:56,50.9327,119.2911,75.88,58,100,10.42,overcast clouds
636,Kazanskaya,RU,2022-07-25 05:04:56,45.4106,40.4361,73.18,59,11,11.43,few clouds
637,Opuwo,NA,2022-07-25 05:04:57,-18.0607,13.84,57.87,40,0,2.77,clear sky
638,Bulgan,MN,2022-07-25 05:04:57,48.8125,103.5347,67.48,50,3,0.58,clear sky
639,Muhos,FI,2022-07-25 05:04:58,64.808,25.9931,59.9,64,86,3.96,overcast clouds
640,Zaysan,KZ,2022-07-25 05:04:58,47.4667,84.8667,77.23,31,1,16.64,clear sky
641,Kuryk,KZ,2022-07-25 05:04:58,43.2,51.65,77.86,43,100,6.85,overcast clouds
642,Romny,UA,2022-07-25 05:04:59,50.751,33.4747,63.0,94,100,5.93,overcast clouds
643,Hof,DE,2022-07-25 05:05:00,50.3167,11.9167,70.5,66,0,4.0,clear sky
644,Kemi,FI,2022-07-25 05:05:00,65.8596,24.8228,58.77,72,91,3.44,overcast clouds
645,Beringovskiy,RU,2022-07-25 05:05:01,63.05,179.3167,44.91,76,97,12.03,overcast clouds
646,Kurumkan,RU,2022-07-25 05:05:01,54.3,110.3,68.49,82,100,6.08,light rain
647,Barao De Melgaco,BR,2022-07-25 05:05:02,-16.1944,-55.9675,73.2,39,0,4.16,clear sky
648,Skibbereen,IE,2022-07-25 05:05:02,51.55,-9.2667,58.1,86,73,13.0,broken clouds
649,Kattivakkam,IN,2022-07-25 05:05:03,13.2167,80.3167,91.49,71,88,7.65,overcast clouds
650,Phu Ly,VN,2022-07-25 05:05:03,20.5411,105.9139,94.08,50,2,5.7,clear sky
651,Half Moon Bay,US,2022-07-25 05:00:26,37.4636,-122.4286,63.05,87,100,9.22,mist
652,Inta,RU,2022-07-25 05:05:04,66.0317,60.1659,52.3,70,100,15.26,overcast clouds
653,Devonport,AU,2022-07-25 05:05:04,-41.1667,146.35,58.08,82,90,12.86,overcast clouds
654,Beeville,US,2022-07-25 05:05:05,28.4008,-97.7483,81.63,78,0,9.22,clear sky
655,Moranbah,AU,2022-07-25 05:05:05,-22.0016,148.0466,74.66,45,0,8.63,clear sky
656,General Roca,AR,2022-07-25 05:05:06,-39.0333,-67.5833,45.63,84,100,13.47,overcast clouds
657,Quelimane,MZ,2022-07-25 05:06:06,-17.8786,36.8883,64.62,82,0,0.76,clear sky
658,Santo Antonio Do Ica,BR,2022-07-25 05:06:07,-3.1022,-67.9397,71.85,99,100,2.15,overcast clouds
659,Saint-Francois,FR,2022-07-25 05:06:08,46.4154,3.9054,63.68,94,0,4.61,clear sky
660,Zolotkovo,RU,2022-07-25 05:06:08,55.5281,41.1053,75.2,58,25,2.57,scattered clouds
661,Trinidad,BO,2022-07-25 05:06:09,-14.8333,-64.9,78.08,50,90,3.67,overcast clouds
662,Acarau,BR,2022-07-25 05:05:40,-2.8856,-40.12,79.0,81,88,16.58,overcast clouds
663,Yelizovo,RU,2022-07-25 05:06:10,53.1873,158.3805,59.14,82,75,2.24,broken clouds
664,Deputatskiy,RU,2022-07-25 05:06:10,69.3,139.9,69.87,45,100,6.51,overcast clouds
665,Merced,US,2022-07-25 05:06:11,37.1666,-120.7516,80.83,33,0,9.37,clear sky
666,Sijunjung,ID,2022-07-25 05:06:11,-0.6876,100.9537,85.39,66,92,4.61,overcast clouds
667,Carutapera,BR,2022-07-25 05:06:12,-1.195,-46.02,74.77,95,84,4.52,broken clouds
668,Chernoyerkovskaya,RU,2022-07-25 05:06:12,45.4331,37.7686,77.65,52,31,6.98,scattered clouds
669,Tigil,RU,2022-07-25 05:06:13,57.8,158.6667,70.25,44,34,5.3,scattered clouds
670,Necochea,AR,2022-07-25 05:06:13,-38.5473,-58.7368,45.45,97,98,7.78,overcast clouds
671,Etchoropo,MX,2022-07-25 05:06:14,26.7667,-109.6667,87.42,67,61,11.48,broken clouds
672,Almunecar,ES,2022-07-25 05:06:15,36.7339,-3.6907,85.44,65,29,4.52,scattered clouds
673,Soe,ID,2022-07-25 05:06:15,-9.8607,124.284,76.5,42,11,7.47,few clouds
674,Bereda,ES,2022-07-25 05:06:16,43.2686,-7.5406,56.37,90,61,1.68,broken clouds
675,Shelburne,CA,2022-07-25 05:06:16,44.0787,-80.2041,62.91,94,59,7.94,broken clouds
676,Merauke,ID,2022-07-25 05:02:35,-8.4667,140.3333,80.01,78,81,18.39,broken clouds
677,Pyay,MM,2022-07-25 05:06:17,18.8167,95.2167,87.1,66,87,2.77,overcast clouds
678,Chambas,CU,2022-07-25 05:06:17,22.1928,-78.9136,76.82,85,8,7.7,clear sky
679,Ambilobe,MG,2022-07-25 05:06:18,-13.2,49.05,72.37,59,5,3.67,clear sky
680,Malpe,IN,2022-07-25 05:06:19,13.35,74.7167,83.5,71,94,4.63,overcast clouds
681,Smolenka,RU,2022-07-25 05:06:19,52.1352,113.4974,64.47,94,75,8.95,moderate rain
682,Pangnirtung,CA,2022-07-25 05:06:20,66.1451,-65.7125,50.02,75,94,2.66,overcast clouds
683,Saquarema,BR,2022-07-25 05:06:20,-22.92,-42.5103,66.76,90,53,11.36,broken clouds
684,Mandalgovi,MN,2022-07-25 05:06:22,45.7625,106.2708,72.45,39,62,9.82,broken clouds
685,Aykhal,RU,2022-07-25 05:06:22,66.0,111.5,69.03,84,100,7.09,light rain
686,Saint-Joseph,RE,2022-07-25 05:06:23,-21.3667,55.6167,70.18,68,11,9.42,few clouds
687,Saint-Pierre,RE,2022-07-25 05:06:23,-21.3393,55.4781,72.91,61,0,5.75,clear sky
688,Ola,RU,2022-07-25 05:05:38,59.5833,151.2833,68.14,74,96,5.64,overcast clouds
689,Constitucion,CL,2022-07-25 05:06:24,-35.3333,-72.4167,52.79,92,100,10.4,overcast clouds
690,Cozumel,MX,2022-07-25 05:06:25,20.5083,-86.9458,81.55,82,99,9.6,overcast clouds
691,Padang,ID,2022-07-25 05:06:25,-0.9492,100.3543,73.45,95,100,5.1,moderate rain
692,Oriximina,BR,2022-07-25 05:06:25,-1.7656,-55.8661,75.88,77,4,3.71,clear sky
693,Kuytun,RU,2022-07-25 05:06:26,54.3419,101.5036,72.79,53,100,4.76,overcast clouds
694,Evensk,RU,2022-07-25 05:06:26,61.95,159.2333,60.58,56,11,9.95,few clouds
695,Acapulco,MX,2022-07-25 05:03:38,16.8634,-99.8901,75.02,94,100,6.91,overcast clouds
696,Huntington,US,2022-07-25 05:03:45,38.4193,-82.4452,82.87,84,0,6.91,clear sky
697,Antigonish,CA,2022-07-25 05:03:45,45.6169,-61.9986,67.96,91,97,4.0,overcast clouds
698,Mizdah,LY,2022-07-25 05:06:27,31.4451,12.9801,70.86,51,0,1.79,clear sky
699,Wasilla,US,2022-07-25 05:06:28,61.5814,-149.4394,67.42,56,40,12.66,scattered clouds
700,Chabahar,IR,2022-07-25 05:06:28,25.2919,60.643,84.06,80,91,16.2,overcast clouds
701,Bykovo,RU,2022-07-25 05:06:29,55.6361,38.0803,71.33,73,0,2.24,clear sky
702,Cotonou,BJ,2022-07-25 05:07:29,6.3654,2.4183,75.92,81,100,9.82,overcast clouds
703,Obzor,BG,2022-07-25 05:07:30,42.8167,27.8833,73.94,67,40,1.74,scattered clouds
704,Sorong,ID,2022-07-25 05:07:30,-0.8833,131.25,82.18,78,58,4.94,broken clouds
705,Llangefni,GB,2022-07-25 05:07:31,53.2556,-4.3106,60.66,91,100,14.97,overcast clouds
706,Cumana,VE,2022-07-25 05:06:43,10.4635,-64.1775,76.78,85,84,9.78,broken clouds
707,Gizo,SB,2022-07-25 05:07:32,-8.103,156.8419,83.95,71,30,7.67,scattered clouds
708,Sechura,PE,2022-07-25 05:07:33,-5.5569,-80.8222,64.49,86,82,9.37,broken clouds
709,Windhoek,NA,2022-07-25 05:07:33,-22.5594,17.0832,54.1,57,14,3.83,few clouds
